{"uuid": "628e0e8dec744efb866db1ea49581fb9", "image_template": "https://crs-beta-catchoom.s3.amazonaws.com/cache/collections/{collection_uuid}/images/{item_uuid}_{image_uuid}_thumb_120.jpe", "items": {"0d15c2e93e21401c81e0f4cab1756b7f": {"url": "", "images": ["daf7272151ea442a8f86443eab759bd2"], "name": "catchy_red", "custom": null}, "c151a0ecdcd744e6ac73b9fee3ffbb3b": {"url": "", "images": ["305028d07b854c3cab5c5ba529524e51"], "name": "pont photo", "custom": null}, "7147c89d320e46d983b7164ed77fa298": {"url": "", "images": ["472234afdce84679b809487c4293389b"], "name": "3d room", "custom": null}, "d71d6ba383034639bd3fb9f164422d88": {"url": "", "images": ["56fd2daa5c3f44f19bb2001edf7a5872"], "name": "shopping kart", "custom": null}, "f49f3522924c42408313c8a4fb7d38d1": {"url": "", "images": ["f15f55ff8f9f430f962025f889cee909"], "name": "leaflet", "custom": null}, "317ed8ccb0f9452c8863c696fd998012": {"url": "", "images": ["533a81c9bdb54aeea4cadd44c8efce93"], "name": "CraftAR video frame", "custom": null}, "f36ccf2a1c184d80865d280bf91771aa": {"url": "", "images": ["286706cd01b34103bde51fee61c948c7"], "name": "craftar", "custom": null}, "735db8d7140e405a9fe80032ce6fd0a0": {"url": "", "images": ["ebfcfb5b70b44ea7887a9c64c34da2f2"], "name": "kid with mobile", "custom": null}, "360077fdc0064581bcb7e61eeee3f7bb": {"url": "", "images": ["f06aefaec0004fea98b35c3340a5921f"], "name": "running shoes", "custom": null}, "77d04d7e553e48cab5bd3b1e9dfbba1a": {"url": "", "images": ["43d112614d3548fe950400c0037f737f"], "name": "biz_card", "custom": null}}, "tokens": ["catchoomcooldemo"], "last-modified": "1431968261", "pubkey": "-----BEGIN PUBLIC KEY-----\r\nMIIBIjANBgkqhkiG9w0BAQEFAAOCAQ8AMIIBCgKCAQEAqY4ZUEgMcHuBtr7U9c74\r\nngaHPcFBzcfUQWADBQyuKlZL5j1cT9JH62n0PAstRhvSn4F3fDlPHnqE+1daUHhR\r\nqLhsZFi+0gTXPcRmkSbYsKMhsVhCWqZ0/POAjsAmah7zlLnY8atkZEUFYDPFJ/RN\r\nAJEtVodlXfM1cpmd6YzZahsEGWzgW3mA9SDqvLET4Lo30g7HOma3qS3vtAUZQRjS\r\nH0vKeoRjt65OOshYA4VwHN0I4/UsOpjwfWqrHQETXVCvgzydMFCXgds750QDXAAb\r\nHVHxZX3VqxiMR6rhc37+ALgiQ9gjxU2GgEiKyi0gnOtZIQTRwL1+yO7v58alnq3p\r\nXQIDAQAB\r\n-----END PUBLIC KEY-----", "name": "cooldemooffline"}